代码    , 名称                       
sh511360, 短融ETF海富通              
sh511880, 银华日利ETF                
sh551550, 科创债ETF华夏              
sh511990, 华宝添益ETF                
sh511100, 国债ETF华夏                
sh511380, 可转债ETF博时              
sh511070, 公司债ETF南方              
sh511110, 公司债ETF易方达            
sh551800, 科创债ETF国泰              
sh551030, 科创债ETF鹏华              
sh512050,A500ETF基金
sz159112, 科创债ETF银华              
sh513310, 中韩半导体ETF              
sh511200, 信用债ETF华夏              
sz159600, 科创债ETF嘉实              
sz159116, 科创债ETF工银              
sh513130, 恒生科技ETF                
sh511260, 十年国债ETF                
sh551060, 科创债ETF中银              
sh513090, 香港证券ETF易方达          
sh551500, 科创债ETF易方达            
sh511120, 科创债ETF广发              
sz159352,A500ETF南方
sh513180, 恒生科技指数ETF            
sh563360,A500ETF华泰柏瑞
sz159700, 科创债ETF南方              
sz159200, 科创债ETF富国              
sz159338,中证A500ETF
sz159398, 信用债ETF天弘              
sh511030, 公司债ETF                  
sh518880, 黄金ETF华安                
sh551900, 科创债ETF招商              
sz159816,0-4地债ETF
sh513120, 港股创新药ETF              
sh551510, 科创债ETF华泰柏瑞          
sh551560, 科创债ETF兴业              
sz159111, 科创债ETF天弘              
sh551520, 科创债ETF汇添富            
sh551300, 科创债ETF摩根              
sh513330, 恒生互联网ETF              
sz159115, 科创债ETF华安              
sh511010, 国债ETF                    
sz159792, 港股通互联网ETF            
sh511090,30年国债ETF
sh513050, 中概互联网ETF易方达        
sz159397, 信用债ETF广发              
sh551580, 科创债ETF泰康              
sz159326, 电网设备ETF                
sh511520, 政金债券ETF                
sz159915, 创业板ETF易方达            
sh510500,中证500ETF
sz159570, 港股通创新药ETF            
sh511580, 国债政金债ETF招商          
sh511130,30年国债ETF博时
sh588000,科创50ETF
sz159395, 信用债ETF大成              
sz159740, 恒生科技ETF大成            
sh511180, 可转债ETF海富通            
sz159518, 标普油气ETF嘉实            
sz159361,A500ETF易方达
sh510300,沪深300ETF华泰柏瑞
sh513350, 标普油气ETF                
sh561360, 石油ETF                    
sh511270,10年地方债ETF海富通
sz159972,5年地债ETF
sh513010, 恒生科技ETF易方达          
sz159396, 信用债ETF博时              
sh510050,上证50ETF
sz159981, 能源化工ETF建信            
sh588200, 科创芯片ETF                
sz159845,中证1000ETF
sz159870, 化工ETF                    
sh513750, 港股通非银ETF              
sh512400, 有色金属ETF                
sh512880, 证券ETF                    
sz159934, 黄金ETF易方达              
sh512100,中证1000ETF
sz159567, 港股创新药ETF              
sh551000, 科创债ETF博时              
sh511220, 城投债ETF海富通            
sz159110, 科创债ETF万家              
sz159949,创业板50ETF华安
sh511190, 信用债ETF海富通            
sz159892, 恒生医药ETF                
sh513060, 恒生医疗ETF博时            
sz159113, 科创债ETF大成              
sz159351,A500ETF嘉实
sz159937, 黄金ETF博时                
sz159985, 豆粕ETF                    
sz159206, 卫星ETF                    
sh512690, 酒ETF                      
sz159516, 半导体设备ETF              
sh560860, 工业有色ETF万家            
sh588080,科创50ETF易方达
sh515880, 通信ETF                    
sh512480, 半导体ETF                  
sz159217, 港股通创新药ETF工银        
sh515220, 煤炭ETF                    
sh512000, 券商ETF                    
sz159980, 有色ETF大成                
sh511660, 货币ETF建信                
sz159400, 科创债ETF景顺              
sz159636,港股通科技30ETF工银
sh520500, 恒生创新药ETF              
sh513980, 港股科技ETF景顺            
sz159605, 中概互联ETF                
sh512710, 军工龙头ETF                
sh513040, 港股通互联网ETF易方达      
sz159928, 消费ETF                    
sh588170, 科创半导体ETF              
sh512890, 红利低波ETF华泰柏瑞        
sh518600, 上海金ETF                  
sz159316, 港股通创新药ETF易方达      
sh512660, 军工ETF                    
sz159201, 自由现金流ETF              
sh512170, 医疗ETF                    
sz159920, 恒生ETF                    
sh518850, 黄金ETF华夏                
sz159992, 创新药ETF                  
sh562800, 稀有金属ETF                
sz159941, 纳指ETF                    
sh513770, 港股互联网ETF              
sh588220,科创100ETF鹏华
sz159869, 游戏ETF                    
sh510100,上证50ETF易方达
sz159001, 货币ETF易方达              
sh562500, 机器人ETF                  
sz159506, 港股通医疗ETF富国          
sz159101, 港股通科技ETF基金          
sz159995, 芯片ETF                    
sh561380, 电网ETF                    
sh520980, 港股通科技ETF汇添富        
sz159697, 石油ETF鹏华                
sz159588, 石油ETF景顺                
sh512800, 银行ETF                    
sh515790, 光伏ETF                    
sh512070, 证券保险ETF易方达          
sh517520, 黄金股ETF                  
sh518800, 黄金ETF国泰                
sh520880, 港股通创新药ETF            
sh510900, 恒生中国企业ETF易方达      
sz159262, 港股通科技ETF              
sz159509, 纳指科技ETF景顺            
sh513380, 恒生科技ETF广发            
sh513520, 日经ETF                    
sh516650, 有色金属ETF基金            
sh513160, 港股科技ETF银华            
sz159851, 金融科技ETF                
sh563220,中证A500ETF富国
sh513260, 恒生科技ETF汇添富          
sz159865, 养殖ETF                    
sh512010, 医药ETF易方达              
sz159852, 软件ETF                    
sh513190, 港股通金融ETF              
sz159227, 航空航天ETF                
sz159363, 创业板人工智能ETF华宝      
sz159309, 油气ETF汇添富              
sh563230, 卫星ETF                    
sh563300,中证2000ETF
sz159842, 券商ETF                    
sz159611, 电力ETF                    
sh510880, 红利ETF华泰柏瑞            
sz159100, 巴西ETF                    
sz159566, 储能电池ETF易方达          
sh510310,沪深300ETF易方达
sz159157, 有色金属ETF天弘            
sh513690, 港股红利ETF博时            
sh560280, 工程机械ETF                
sh513910, 港股央企红利ETF            
sh516150, 稀土ETF嘉实                
sz159530, 机器人ETF易方达            
sz159919,沪深300ETF嘉实
sh510210, 上证指数ETF                
sz159742, 恒生科技ETF博时            
sh520990, 港股央企红利ETF景顺        
sh563800,A500ETF龙头
sz159608, 稀有金属ETF                
sz159652, 有色ETF汇添富              
sz159381, 创业板人工智能ETF华夏      
sz159218, 卫星ETF招商                
sh518680, 金ETF                      
sh516020, 化工ETF                    
sz159825, 农业ETF                    
sz159819, 人工智能ETF易方达          
sh518660, 黄金ETF工银                
sh515120, 创新药ETF                  
sh513780, 港股创新药ETF景顺          
sh513630, 港股低波红利ETF摩根        
sh560010,中证1000ETF广发
sz159691, 港股红利ETF工银            
sz159841, 证券ETF                    
sh516120,化工50ETF
sz159755, 电池ETF                    
sh588800,科创100ETF华夏
sh510380,沪深300ETF国寿
sz159562, 黄金股ETF                  
sz159952, 创业板ETF广发              
sz159632, 纳斯达克ETF华安            
sh515180, 红利ETF易方达              
sh513920, 港股通央企红利ETF华安      
sh560390, 电网设备ETF易方达          
sh560710, 船舶ETF                    
sh520870, 巴西ETF易方达              
sh513020, 港股科技ETF                
sz159667, 工业母机ETF                
sh515980, 人工智能ETF                
sh511150, 科创债ETF永赢              
sh510760, 上证指数ETF国泰            
sh520700, 港股通创新药ETF万家        
sz159297, 港股通创新药ETF南方        
sh510330,沪深300ETF华夏
sh513500,标普500ETF博时
sz159766, 旅游ETF                    
sz159922,中证500ETF嘉实
sh515050, 通信ETF华夏                
sh513100, 纳指ETF                    
sz159682,创业板50ETF景顺
sh520660, 港股通央企红利ETF南方      
sh513300, 纳斯达克ETF                
sh512980, 传媒ETF                    
sh520920, 恒生科技ETF天弘            
sz159813, 半导体ETF                  
sh512760, 芯片ETF                    
sh513820, 港股通红利ETF汇添富        
sz159148, 石油ETF富国                
sh588050,科创50ETF工银
sz159713, 稀土ETF                    
sh588790, 科创AIETF博时              
sz159232, 自由现金流ETF南方          
sh513860, 港股通科技ETF海富通        
sz159650, 国开债ETF博时              
sh513880,日经225ETF华安
sz159633,中证1000ETF易方达
sh512500,中证500ETF华夏
sz159930, 能源ETF                    
sh513530, 港股通红利ETF华泰柏瑞      
sh520600, 港股汽车ETF                
sh588760, 科创人工智能ETF广发        
sh513580, 恒生科技ETF华安            
sh515080, 中证红利ETF                
sh516160, 新能源ETF                  
sh588030,科创100ETF博时
sh513970, 恒生消费ETF景顺            
sz159741, 恒生科技ETF嘉实            
sh588090,科创50ETF华泰柏瑞
sz159583, 通信设备ETF                
sh588190,科创100ETF
sz159745, 建材ETF                    
sh560610,A500ETF招商
sz159883, 医疗器械ETF                
sh513660, 恒生ETF                    
sz159607, 中概互联网ETF嘉实          
sh513200, 港股通医药ETF易方达        
sz159366, 港股医疗ETF永赢            
sh512630, 卫星ETF广发                
sh513600, 恒生指数ETF南方            
sz159558, 半导体设备ETF易方达        
sh515230, 软件ETF                    
sh515210, 钢铁ETF                    
sh516970, 基建ETF广发                
sz159770, 机器人ETF                  
sh513700, 港股通医药ETF鹏华          
sh588710, 科创半导体设备ETF          
sh513400, 道琼斯ETF                  
sz159857, 光伏ETF                    
sz159688, 恒生互联网ETF华安          
sz159399, 现金流ETF                  
sh561980, 半导体设备ETF              
sh513800, 日本东证指数ETF南方        
sz159967, 创业板成长ETF              
sz159615, 恒生生物科技ETF南方        
sh520900, 港股通红利ETF广发          
sz159267, 航天ETF华安                
sh515020, 银行ETF华夏                
sz159750,港股科技50ETF招商
sz159731, 石化ETF                    
sz159659,纳斯达克100ETF
sz159690, 有色矿业ETF招商            
sz159320, 电网设备ETF广发            
sh512700, 银行ETF南方                
sh589000, 科创综指ETF华夏            
sz159202, 恒生互联网ETF万家          
sh588290, 科创芯片ETF华安            
sh588060,科创50ETF广发
sh563020, 红利低波ETF易方达          
sh512670, 国防ETF                    
sz159977, 创业板ETF天弘              
sz159651, 国开债券ETF                
sz159781, 科创创业ETF易方达          
sh513030, 德国ETF华安                
sh515070, 人工智能AIETF              
sz159796, 电池ETF汇添富              
sz159545, 恒生红利低波ETF易方达      
sh513560, 香港科技ETF                
sz159783,科创创业50ETF
sz159698, 粮食ETF                    
sz159353,中证A500ETF景顺
sh563380, 航空航天ETF                
sz159901,深证100ETF易方达
sh515030, 新能源车ETF                
sh513000,日经225ETF易方达
sh563530, 卫星ETF易方达              
sz159502, 标普生物科技ETF嘉实        
sh520830, 沙特ETF                    
sh588780, 科创芯片设计ETF            
sh588230,科创200ETF
sh588730, 科创人工智能ETF易方达      
sh515450,红利低波50ETF
sz159105, 恒生生物科技ETF易方达      
sh520510, 港股通医疗ETF              
sh513220, 中概互联ETF                
sh589720, 科创创新药ETF国泰          
sh588750, 科创芯片ETF汇添富          
sh516510, 云计算ETF易方达            
sh520570, 恒生科技ETF南方            
sh513150, 港股通科技ETF华泰柏瑞      
sh516780, 稀土ETF                    
sh513280, 恒生生物科技ETF汇添富      
sz159732, 消费电子ETF                
sz159887, 银行ETF                    
sz159263, 价值ETF易方达              
sz159568, 港股互联网ETF博时          
sh561330, 矿业ETF                    
sz159561, 德国ETF嘉实                
sh520890, 港股通红利低波ETF华泰柏瑞  
sh513950, 恒生红利ETF                
sh512200, 房地产ETF                  
sz159957, 创业板ETF华夏              
sh561560, 电力ETF                    
sz159758, 红利质量ETF                
sh512090, MSCIA股ETF易方达           
sh588830, 科创新能源ETF              
sh588020, 科创成长ETF易方达          
sz159649, 国开债ETF华安              
sh561760, 油气ETF博时                
sz159859, 生物医药ETF                
sh520970, 港股通创新药ETF嘉实        
sz159241, 航空航天ETF天弘            
sh516570, 化工行业ETF易方达          
sh511850, 招商财富宝ETF              
sz159866, 日经ETF工银                
sz159131, 港股信息技术ETF            
sh515300,300红利低波ETF嘉实
sh560270, 电力ETF工银                
sh513890, 恒生科技ETF摩根            
sz159629,1000ETF
sz159595,中证A50ETF大成
sh513070, 港股通消费ETF易方达        
sz159323, 港股通汽车ETF              
sz159387, 创业板新能源ETF国泰        
sz159747, 香港科技ETF南方            
sh513550,港股通50ETF
sz159569, 港股红利低波ETF景顺        
sh510720, 红利国企ETF国泰            
sz159501, 纳指ETF嘉实                
sh515100,红利低波100ETF
sh512900, 证券ETF南方                
sz159128, 港股科技ETF天弘            
sh563760, 全指自由现金流ETF          
sz159715, 稀土ETF易方达              
sh560170, 央企科技ETF南方            
sz159269, 港股通科技ETF南方          
sz159531,中证2000ETF
sh512290, 生物医药ETF                
sz159256, 创业板软件ETF华夏          
sh560780, 半导体设备ETF广发          
sz159681,创50ETF
sh520840, 港股通恒生科技ETF华安      
sz159281, 港股通央企红利ETF天弘      
sz159382, 创业板人工智能ETF南方      
sz159358,中证A500ETF大成
sh512930, AI人工智能ETF              
sz159751, 港股通科技ETF鹏华          
sh520550, 港股红利低波ETF            
sh588240,科创200ETF鹏华
sh516310, 银行ETF易方达              
sh515170, 食品饮料ETF                
sz159687, 亚太精选ETF南方            
sh560090, 证券ETF汇添富              
sh589680, 科创综指ETF鹏华            
sh520690, 港股创新药ETF博时          
sz159638, 高端装备ETF嘉实            
sh563880,A500ETF汇添富
sh560530,中证A500ETF摩根
sz159828, 医疗ETF                    
sh515650,消费50ETF
sz159368, 创业板新能源ETF华夏        
sz159559,机器人50ETF
sz159998, 计算机ETF                  
sh513140, 港股金融ETF                
sh520590, 恒生科技ETF鹏华            
sh563390, 现金流ETF全指              
sh562590, 半导体设备ETF华夏          
sz159929, 医药ETF                    
sh513290, 纳指生物科技ETF汇添富      
sz159286, 港股通创新药ETF鹏华        
sz159222, 自由现金流ETF易方达        
sh512820, 银行ETF汇添富              
sh512680, 军工ETF广发                
sz159133, 化工ETF天弘                
sz159834, 金ETF南方                  
sh561570, 油气ETF华泰柏瑞            
sz159876, 有色ETF华宝                
sz159259, 成长ETF易方达              
sz159388, 创业板人工智能ETF国泰      
sh515400, 大数据ETF                  
sh588890, 科创芯片ETF南方            
sh562550, 绿电ETF                    
sh513110,纳斯达克100ETF
sh561910, 电池ETF                    
sz159129, 化工ETF嘉实                
sz159547, 红利低波ETF华夏            
sz159339,A500ETF
sz159699, 恒生消费ETF                
sh562890,A50ETF嘉实
sz159830, 上海金ETF                  
sh562060, 标普A股红利ETF华宝         
sh510410, 资源ETF博时                
sz159871, 有色ETF银华                
sh563150, 油气ETF银华                
sh563790, 卫星ETF鹏华                
sh589800, 科创综指ETF易方达          
sh520650, 港股通互联网ETF南方        
sh561230,中证A50ETF工银
sh588120,科创100ETF国泰
sz159994, 通信ETF银华                
sh589010, 科创人工智能ETF华夏        
sh515000, 科技ETF                    
sz159329, 沙特ETF南方                
sz159801, 芯片ETF广发                
sh516010, 游戏ETF                    
sz159235, 中证现金流ETF大成          
sh512560, 军工ETF易方达              
sh518890, 中银上海金ETF              
sh517400, 黄金股票ETF                
sh561580, 央企红利ETF华泰柏瑞        
sz159993, 证券ETF鹏华                
sz159165, 养殖ETF永赢                
sz159593,中证A50指数ETF
sh589070, 科创芯片设计ETF天弘        
sz159971, 创业板ETF富国              
sh516640, 芯片ETF富国                
sz159513,纳斯达克100ETF大成
sz159307,红利低波100ETF博时
sz159840, 锂电池ETF工银              
sh513080, 法国ETF华安                
sh562930, 软件ETF易方达              
sz159146, 电力ETF华宝                
sh513650,标普500ETF南方
sh516350, 芯片ETF易方达              
sh588380,双创50ETF
sz159519, 港股国企ETF国泰            
sh516860, 金融科技ETF博时            
sz159158, 电力ETF景顺                
sh516820, 医疗创新ETF                
sz159625, 绿色电力ETF嘉实            
sz159735, 港股消费ETF银华            
sz159831, 金ETF嘉实                  
sh512810, 军工ETF华宝                
sz159805, 传媒ETF                    
sz159601,A50ETF
sz159175, 电池ETF易方达              
sz159209, 中证红利质量ETF            
sh512570, 证券ETF易方达              
sh560510,中证A500ETF
sh512040,价值100ETF
sz159780,科创创业50ETF南方
sz159655, 标普ETF                    
sh510180,上证180ETF华安
sh588930, 科创人工智能ETF银华        
sz159707, 地产ETF                    
sz159880, 有色ETF鹏华                
sz159356,A500ETF万家
sz159279, 创业板人工智能ETF华安      
sh516670, 畜牧养殖ETF                
sz159246, 创业板人工智能ETF富国      
sh563080,中证A50ETF易方达
sz159140, 科创创业人工智能ETF易方达  
sz159822, 新经济ETF银华              
sh560350,中证A50ETF摩根
sz159102, 港股通生物科技ETF华安      
sz159656,沪深300成长ETF万家
sh515370, 光伏ETF华夏                
sh562080,300现金流ETF
sz159220, 港股通红利低波ETF华宝      
sh518860, 上海金ETF建信              
sz159552,中证2000增强ETF招商
sh560080, 中药ETF                    
sh560050,中国A50ETF汇添富
sz159628,国证2000ETF万家
sh516520, 智能驾驶ETF                
sh516220, 化工ETF国泰                
sh515290, 银行ETF天弘                
sh515970, 工程机械ETF华夏            
sz159321, 黄金股ETF华安              
sz159378, 通用航空ETF                
sz159125, 港股通科技ETF招商          
sz159867, 畜牧ETF                    
sz159591,中证A50ETF
sz159272, 机器人ETF富国              
sz159268, 港股通消费ETF汇添富        
sh510580,中证500ETF易方达
sz159107, 创业板软件ETF富国          
sh515800,800ETF
sz159622, 创新药ETF东财              
sh515700, 新能车ETF                  
sz159373,创业板50ETF嘉实
sz159875, 新能源ETF嘉实              
sh560120,现金流500ETF
sz159362,A500ETF工银
sh563330, A股ETF                     
sh513870, 纳指ETF富国                
sh512020,A500ETF鹏华
sz159948, 创业板ETF南方              
sh513730, 东南亚科技ETF              
sz159599, 芯片ETF东财                
sh515060, 房地产ETF华夏              
sz159996, 家电ETF                    
sh588990, 科创芯片ETF博时            
sz159137, 港股通医疗ETF华宝          
sz159557, 恒生医疗ETF嘉实            
sh561160, 电池ETF富国                
sh516250, 工程机械ETF富国            
sz159671, 稀有金属ETF工银            
sz159663, 机床ETF                    
sh520530, 港股通科技ETF东财          
sh589020, 科创半导体设备ETF鹏华      
sh516630, 云计算ETF华夏              
sz159265, 港股消费ETF鹏华            
sz159692, 证券ETF东财                
sh589030, 科创芯片设计ETF易方达      
sz159327, 半导体设备ETF万家          
sz159587, 粮食ETF广发                
sz159221, 现金流ETF嘉实              
sh510510,中证500ETF广发
sh510980, 上证指数ETF汇添富          
sh511700, 场内货币ETF                
sh512940, 有色ETF华安                
sz159233, 自由现金流ETF基金          
sh512080,A500ETF中金
sz159776, 港股医药ETF银华            
sh589960, 科创新能源ETF易方达        
sh562510, 旅游ETF                    
sh513360, 教育ETF博时                
sh513230, 港股通消费ETF华夏          
sz159152, 港股通科技ETF平安          
sz159003, 招商快线ETF                
sh515710, 食品饮料ETF华宝            
sz159905, 红利ETF工银                
sz159350,深证50ETF富国
sz159278, 机器人ETF鹏华              
sz159997, 电子ETF                    
sz159673,沪深300ETF鹏华
sz159529, 标普消费ETF                
sz159602,中国A50ETF南方
sh588810, 科创芯片ETF富国            
sh513850,美国50ETF易方达
sh560570,A500红利ETF
sh589130, 科创芯片ETF易方达          
sz159925,沪深300ETF南方
sh510170, 大宗商品ETF                
sh513390,纳指100ETF博时
sh516810, 农业ETF华夏                
sh561550,500增强ETF
sh517380, 创新药ETF天弘              
sz159205, 创业板ETF东财              
sh516090, 新能源ETF易方达            
sz159812, 黄金ETF前海开源            
sh589630, 科创综指ETF国泰            
sz159660, 纳指ETF汇添富              
sz159903, 深成ETF南方                
sh589120, 科创创新药ETF汇添富        
sz159590, 软件ETF汇添富              
sh588700, 科创医药ETF嘉实            
sz159945, 能源ETF广发                
sz159208, 航空航天ETF万家            
sz159680,中证1000增强ETF招商
sh588870,科创50ETF汇添富
sz159139, 科创创业人工智能ETF华泰柏瑞
sh588820,科创200ETF华夏
sz159142, 科创创业人工智能ETF景顺    
sh516880, 光伏ETF银华                
sh520720, 港股汽车ETF国泰            
sz159696, 纳指ETF易方达              
sz159300,300ETF
sz159592,A50ETF基金
sh588300,科创创业50ETF招商
sh511060,5年地方债ETF海富通
sz159890, 云计算ETF                  
sh589520, 科创人工智能ETF华宝        
sz159242, 创业板人工智能ETF大成      
sz159266, 港股通央企红利ETF          
sh561800, 稀有金属ETF华富            
sh511160, 国债ETF东财                
sz159718, 港股医药ETF                
sh510230, 金融ETF                    
sh561170, 绿色电力ETF                
sh588150,科创50ETF南方
sh589660, 科创综指ETF南方            
sh512580, 环保ETF                    
sz159275, 农牧渔ETF                  
sh561350,中证500ETF国泰
sz159162, 工业有色ETF鹏华            
sz159775, 电池ETF建信                
sz159736, 食品饮料ETF天弘            
sz159839, 生物医药ETF汇添富          
sh562310,沪深300成长ETF银华
sh562660,中证2000ETF华夏
sh510360,沪深300ETF广发
sh510150, 消费ETF                    
sz159207, 高股息ETF                  
sz159837, 生物科技ETF易方达          
sz159938, 医药ETF广发                
sz159899, 软件ETF招商                
sz159768, 房地产ETF银华              
sz159210, 港股通汽车ETF汇添富        
sh520860, 港股通科技ETF富国          
sh561220, 数字经济ETF工银            
sh515250, 智能汽车ETF                
sz159360,中证A500ETF天弘
sh588460,科创50增强ETF
sz159532,中证2000ETF易方达
sh589850,科创50ETF东财
sz159807, 科技ETF易方达              
sz159213, 机器人ETF汇添富            
sh516290, 光伏ETF汇添富              
sh563320, 通用航空ETF                
sh516100, 金融科技ETF华夏            
sh589190, 科创芯片ETF华宝            
sh516080, 创新药ETF易方达            
sh589880, 科创综指ETF建信            
sh517900, 银行AH优选ETF              
sz159283, 通用航空ETF南方            
sh588400, 科创创业ETF嘉实            
sh589860, 科创综指ETF天弘            
sh512720, 计算机ETF                  
sh520770, 恒指港股通ETF建信          
sh588420, 科创创业人工智能ETF摩根    
sz159325, 半导体ETF南方              
sz159303, 恒生医疗ETF大成            
sh520580, 新兴亚洲ETF招商            
sh560980, 光伏龙头ETF广发            
sz159359,A500ETF华安
sz159582, 半导体ETF博时              
sh520950,港股通50ETF摩根
sz159536,中证2000ETF汇添富
sz159132, 恒生生物科技ETF富国        
sh563350,中证A50ETF
sz159526, 机器人ETF嘉实              
sh588270,科创200ETF易方达
sz159249,A500增强ETF工银
sh562970, 光伏ETF易方达              
sh588910, 科创价值ETF建信            
sz159726, 港股通高股息ETF华夏        
sz159695, 通信ETF嘉实                
sh589770, 科创综指ETF招商            
sh516910, 物流ETF富国                
sh510630, 消费ETF华夏                
sh516920, 芯片ETF汇添富              
sh589220,科创200ETF国泰
sh588110, 科创成长ETF                
sh513900,港股通100ETF华安
sz159581, 红利ETF万家                
sh562950, 消费电子ETF易方达          
sh513990, 港股通ETF招商              
sz159881, 有色金属ETF国泰            
sz159814, 创业大盘ETF西部利得        
sz159120,港股科技30ETF
sz159864, 光伏ETF国泰                
sh562900, 农业ETF易方达              
sz159147, 电池ETF南方                
sz159141, 科创创业人工智能ETF永赢    
sh588360, 科创创业ETF国泰            
sz159711,港股通50ETF华夏
sh563900,300自由现金流ETF摩根
sz159739, 云计算ETF鹏华              
sz159855, 影视ETF                    
sz159386,A500ETF永赢
sz159212,深100ETF南方
sh520780, 港股通汽车ETF华宝          
sz159835, 创新药ETF建信              
sz159130, 恒生生物科技ETF鹏华        
sh516620, 影视ETF                    
sh515750,科技50ETF
sh588330, 双创龙头ETF                
sz159612,标普500ETF
sh516110, 汽车ETF                    
sh588900,科创100ETF南方
sh516000, 大数据ETF华夏              
sz159168, 有色ETF富国                
sz159943, 深证成指ETF大成            
sh513320, 港股通新经济ETF易方达      
sh588010, 科创新材料ETF博时          
sh512600, 消费ETF嘉实                
sz159596,A50ETF华宝
sz159565, 汽车零部件ETF易方达        
sz159757, 电池ETF景顺                
sz159738, 云计算ETF华泰柏瑞          
sz159315, 黄金股ETF工银              
sz159230, 通用航空ETF华夏            
sz159270,创业板200ETF南方
sh520670, 港股通科技ETF嘉实          
sh520630, 港股通互联网ETF广发        
sh561100, 消费电子ETF富国            
sh515260, 电子ETF                    
sh512220, TMTETF                     
sh516950, 基建ETF银华                
sh511690, 交易货币ETF大成            
sz159273, 云计算ETF汇添富            
sh562880, 电池ETF嘉实                
sz159357,A500ETF博时
sh520520, 恒生消费ETF华泰柏瑞        
sh589100, 科创芯片ETF国泰            
sh515580,科技100ETF
sh515010, 证券ETF华夏                
sz159261, 创业板新能源ETF鹏华        
sh562850, 央企能源ETF嘉实            
sz159712,港股通50ETF国泰
sz159005, 汇添富快钱ETF              
sz159312, 恒指港股通ETF广发          
sz159908, 创业板ETF博时              
sh510350,沪深300ETF工银
sh560100,中证500增强ETF南方
sh520560,香港大盘30ETF
sz159229, 自由现金流ETF广发          
sh563520,沪深300ETF永赢
sh511620, 货币ETF国泰                
sh562570, 信创ETF                    
sh515390,沪深300ETF华安
sh511600, 华安日日鑫ETF              
sz159635, 基建ETF华夏                
sh563000,中国A50ETF易方达
sz159169, 恒生生物科技ETF广发        
sh512910,中证A100ETF
sh588180,科创50ETF基金
sh513720, 港股互联网ETF国泰          
sz159790, 碳中和ETF                  
sh563860,中证A500ETF海富通
sh560110,中证1000ETF汇添富
sz159647, 中药ETF                    
sz159251, 港股通科技ETF万家          
sh562600, 医疗器械ETF                
sz159786, VRETF                      
sz159546, 集成电路ETF                
sz159944, 材料ETF                    
sh511860, 货币ETF博时                
sh515630, 证券保险ETF鹏华            
sz159301, 公用事业ETF                
sz159540, 信创ETF易方达              
sz159243, 创业板人工智能ETF招商      
sh560880, 家电ETF广发                
sh516190, 传媒ETF华夏                
sz159665, 半导体龙头ETF工银          
sz159159, 公用事业ETF国投瑞银        
sz159331, 红利港股ETF国泰            
sh588430, 科创创业人工智能ETF工银    
sh517180, 中国国企ETF南方            
sz159333, 港股央企红利ETF万家        
sh516760, 养殖ETF                    
sz159748, 创新药ETF富国              
sz159393,沪深300ETF万家
sh588960, 科创板新能源ETF            
sz159551, 机器人ETF国泰              
sh560290, 有色ETF景顺                
sz159258, 机器人ETF南方              
sz159847, 医疗ETF易方达              
sh562050, 药ETF                      
sh563570, 金融科技ETF兴业            
sh515950, 医药龙头ETF                
sh588920, 科创芯片ETF鹏华            
sh515560, 证券ETF建信                
sz159850, 恒生国企ETF                
sz159336, 央企红利ETF融通            
sh516770, 游戏ETF华泰柏瑞            
sh513170, 恒生央企ETF                
sz159873, 医疗设备ETF                
sh589230, 科创人工智能ETF南方        
sh511800, 易方达货币ETF              
sz159898, 医疗器械ETF招商            
sh562820, 集成电路ETF嘉实            
sh589080, 科创综指ETF汇添富          
sz159616, 农牧ETF建信                
sz159782,双创50ETF
sz159375,创业板50ETF国泰
sz159968,中证500ETF博时
sz159322, 黄金股票ETF基金            
sh515720, 金融科技ETF富国            
sh589900, 科创综指ETF博时            
sh562860, 疫苗ETF嘉实                
sh561280,中证1000增强ETF工银
sz159572,创业板200ETF易方达
sh515850, 证券ETF富国                
sh517800,人工智能50ETF
sh516060, 创新药ETF工银              
sh561010, 软件ETF华安                
sz159573,创业板200ETF华夏
sz159337,中证500ETF东财
sh517770, 游戏传媒ETF浦银            
sh561080, 全指现金流ETF华安          
sz159666, 交通运输ETF                
sz159135, 港股通科技ETF前海开源      
sh561660, 通用航空ETF基金            
sz159138, 工程机械ETF易方达          
sh517110, 创新药ETF国泰              
sh520910, 港股通互联网ETF基金        
sz159525, 红利低波ETF                
sz159305, 储能电池ETF广发            
sz159248, 人工智能ETF万家            
sh560770, 机器人指数ETF              
sz159500,500ETF
sz159577,美国50ETF汇添富
sh562360, 机器人ETF银华              
sh563650,中证A500ETF兴业
sh515380,沪深300ETF泰康
sh560900, 创新药ETF摩根              
sh560680, 消费ETF广发                
sh563780, 现金流全指ETF              
sz159606,中证500成长ETF易方达
sh563010, 电信ETF易方达              
sz159609, 光伏ETF浦银                
sh516210, 银行ETF华安                
sh515810,中证800ETF易方达
sh511810, 货币ETF南方                
sh520620, 恒生消费ETF嘉实            
sh512510,中证500ETF华泰柏瑞
sz159299, 金融科技ETF易方达          
sh510320,沪深300ETF中金
sz159330,沪深300ETF东财
sh511900, 富国货币ETF                
sz159392, 航空ETF                    
sz159843, 食品饮料ETF                
sh516550, 农业ETF嘉实                
sh588860, 科创医药ETF工银            
sz159560, 芯片ETF景顺                
sh510950,上证50ETF广发
sh530680,上证180ETF兴业
sz159163, 有色ETF泰康                
sz159239, 港股通汽车ETF富国          
sh561870, 自由现金流ETF全指          
sz159377, 创业板医药ETF国泰          
sh520760, 恒生生物科技ETF摩根        
sh517090, 央企共赢ETF国泰            
sh516750, 建材ETF                    
sz159939, 信息技术ETF                
sh560700, 央企红利ETF广发            
sh588250, 科创生物医药ETF            
sh515680, 央企创新ETF嘉实            
sz159586, 计算机ETF南方              
sh512120, 医药ETF华安                
sh516360, 新材料ETF                  
sh515900, 央企创新ETF博时            
sz159982,中证500ETF鹏华
sh520610, 港股红利低波ETF银华        
sz159820,中证500ETF天弘
sh561990,沪深300增强ETF招商
sh562700, 汽车零部件ETF              
sz159907,2000ETF
sh589160, 科创芯片ETF广发            
sh516700, 大数据产业ETF              
sz159109,恒生50ETF景顺
sh589110, 科创人工智能ETF国泰        
sh516390, 新能源车ETF汇添富          
sz159623, 成渝经济圈ETF博时          
sh560580, 电力ETF南方                
sh562000,中证A100ETF基金
sz159719, 国企共赢ETF                
sz159302, 港股高股息ETF              
sh588100, 科创信息ETF嘉实            
sz159171, 工业有色ETF博时            
sh515110, 一带一路ETF易方达          
sh510670,上证180ETF华夏
sh515600, 央企创新ETF                
sh512730, 银行ETF鹏华                
sz159237, 港股汽车ETF工银            
sh563560, 科技成长ETF兴业            
sh563700, 红利价值ETF易方达          
sh588280,科创50ETF华安
sh560150, 红利低波ETF泰康            
sh517390, 云计算ETF天弘              
sz159226,中证A500增强ETF国泰
sz159150,深证50ETF易方达
sh563550,A500增强ETF摩根
sh560380,A100ETF南方
sh513810, 港股国企ETF                
sh515330,沪深300ETF天弘
sh561120, 家电ETF                    
sh589560, 科创人工智能ETF汇添富      
sh561600, 消费电子ETF                
sh516800, 智能制造ETF                
sz159767, 电池龙头ETF                
sh563990,800现金流ETF
sz159143, 港股通央企红利ETF平安      
sh561700, 电力ETF博时                
sh513210, 恒生ETF易方达              
sh588850, 科创机械ETF嘉实            
sh563210, 专精特新ETF                
sz159247, 创业板ETF汇添富            
sz159280, 港股通互联网ETF汇添富      
sz159827, 农业ETF银华                
sh588390, 科创创业ETF博时            
sh517950,沪深港科技50ETF交银
sz159960, 恒生中国企业ETF            
sz159619, 基建ETF                    
sh515310,沪深300ETF汇添富
sz159618, 光伏ETF华安                
sh563580,自由现金流800ETF万家
sh517120, 创新药ETF华泰柏瑞          
sz159285, 港股通消费ETF华安          
sh561300,沪深300增强ETF国泰
sz159215,中证A500ETF指数基金
sh513590, 港股通消费ETF鹏华          
sz159231, 通用航空ETF华宝            
sh589170, 科创芯片设计ETF鹏华        
sh520810, 港股通红利ETF易方达        
sz159149, 创业板新能源ETF工银        
sh512620, 农业ETF天弘                
sz159257, 航空ETF汇添富              
sh516180, 光伏ETF基金                
sz159155, 电池ETF大成                
sh563980,800红利低波ETF鑫元
sz159761, 新材料ETF国泰              
sh512950, 央企改革ETF华夏            
sh563680,800现金流ETF汇添富
sz159328, 家电ETF易方达              
sh561260, 能源ETF工银                
sh560360, 软件ETF万家                
sh511020,国债ETF5至10年
sh563960,300质量ETF兴全
sh517880, 品牌消费ETF                
sz159858, 创新药ETF南方              
sh589500, 科创综指ETF工银            
sh589890, 科创综指ETF景顺            
sz159906, 深成长ETF大成              
sh562990, 碳中和ETF易方达            
sz159541, 创业板综ETF万家            
sh516730, 证券ETF浦银                
sz159127, 港股通红利ETF南方          
sh560850, 信创ETF汇添富              
sz159676, 创业板增强ETF富国          
sh588140,科创200ETF广发
sz159806, 新能源车ETF                
sz159863, 光伏ETF鹏华                
sz159639, 碳中和ETF南方              
sz159167, 港股通医疗ETF工银          
sh588940,科创50ETF富国
sz159385, 数字经济ETF富国            
sh510990,180ESGETF工银
sz159643, 疫苗ETF                    
sh516200, 证券ETF华安                
sh589200,科创200ETF工银
sh520930, 恒生生物科技ETF国泰        
sz159289, 创业板综指ETF鹏华          
sz159888, 智能汽车ETF华夏            
sz159610,500ETF增强
sh563200,中证2000ETF富国
sz159310, 芯片ETF天弘                
sh560810, 央企ESGETF融通             
sz159390,中证A50ETF国联
sz159637, 新能源车ETF东财            
sz159119,800现金流ETF
sz159788,港股通100ETF易方达
sh562910, 高端制造ETF易方达          
sh561190, 碳中和ETF富国              
sz159276, 现金流ETF汇添富            
sh563500,A500ETF华宝
sz159798, 消费ETF易方达              
sh563770, 全指现金流ETF招商          
sh562350, 电力ETF银华                
sh562920, 信息安全ETF易方达          
sh517550, 沪港深消费龙头ETF招商      
sz159365, 恒指ETF                    
sz159555,中证2000增强ETF银华
sh589820,科创200ETF建信
sz159507, 通信ETF广发                
sh510390,沪深300ETF平安
sh588130, 科创医药ETF华夏            
sh515150, 一带一路ETF富国            
sh562320,沪深300价值ETF银华
sh561310, 消电ETF国泰                
sz159271, 恒生ETF鹏华                
sh512960, 央企结构调整ETF博时        
sz159641, 碳中和ETF招商              
sz159811,5GETF博时
sh588950,科创50ETF景顺
sz159223, 现金流ETF永赢              
sh516050, 科技龙头ETF工银            
sh589090, 科创AIETF鹏华              
sh560800, 数字经济ETF                
sh530080,上证180ETF天弘
sh560310, 光伏ETF博时                
sh513830, 港股通高股息ETF嘉实        
sh589700, 科创成长ETF南方            
sz159505,国证2000ETF博时
sz159335, 央企科创ETF融通            
sh588410, 科创创业人工智能ETF鹏华    
sz159902,中小100ETF华夏
sh561090,A500增强ETF华安
sh515130,沪深300ETF博时
sh530180,上证180ETF易方达
sh515320,电子50ETF华安
sh561060, 国企红利ETF华安            
sh588880,科创100ETF华泰柏瑞
sh560660,云计算50ETF新华
sh510530,中证500ETF工银
sz159277, 港股通红利ETF富国          
sh589380, 科创AIETF富国              
sz159153, 消费电子ETF鹏华            
sh562030, 信创ETF基金                
sh563750,中证500ETF汇添富
sz159380,A500ETF东财
sh510850,上证50ETF工银
sh512160, MSCI中国A股ETF南方         
sz159603, 双创龙头ETF                
sz159795, 智能汽车ETF汇添富          
sh515530,中证500ETF泰康
sz159708, 红利ETF西部利得            
sz159123, 光伏ETF嘉实                
sz159958, 创业板ETF工银              
sz159752, 新能源ETF申万菱信          
sh516300,中证1000ETF华泰柏瑞
sz159151, 食品ETF华夏                
sh589600, 科创综指ETF富国            
sz159118, 港股通红利低波ETF基金      
sh512390, 平安MSCI低波ETF            
sz159517,中证800增强ETF银华
sh511770, 金鹰增益货币ETF            
sh512550,富时A50ETF嘉实
sh563850, 食品ETF广发                
sh561950,中证500增强ETF招商
sz159236, 自由现金流ETF工银          
sz159576,深证100ETF广发
sh516500, 生物科技ETF                
sh512530,沪深300红利ETF建信
sz159675, 创业板增强ETF嘉实          
sh516270, 新能源ETF华安              
sh562960, 绿色电力ETF易方达          
sz159511, 通信ETF南方                
sz159508, 生物医药ETF华安            
sz159669, 绿色电力ETF国泰            
sz159886, 机械ETF富国                
sz159550, 互联网ETF东财              
sz159678,500增强ETF博时
sz159862, 食品饮料ETF银华            
sh563660,A500ETF银河
sz159763, 新材料ETF建信              
sh511820, 鹏华添利ETF                
sz159909,TMT50ETF招商
sh520820, 恒生港股通ETF汇添富        
sz159527, 云计算ETF广发              
sz159103, 金融科技ETF汇添富          
sh530530,上证580ETF华夏
sz159108, 工业软件ETF博时            
sz159773, 创业板科技ETF华泰柏瑞      
sh516790, 医疗ETF华泰柏瑞            
sz159631,A100ETF招商
sz159677,中证1000增强ETF银华
sz159954, 恒生中国企业ETF南方        
sh520850, 港股通医疗ETF易方达        
sz159121, 港股通汽车ETF易方达        
sh563090,上证50增强ETF易方达
sh515350,沪深300ETF民生加银
sh516900, 食品饮料ETF华安            
sh588450,科创50增强ETF招商
sz159520, 消费龙头ETF工银            
sz159728, 在线消费ETF南方            
sh588680,科创100ETF增强指数基金
sh516070, 低碳ETF易方达              
sh560070, 央企红利ETF汇添富          
sh563830, 全指现金流ETF博时          
sh515960, 医药ETF嘉实                
sh516230, 光伏ETF招商                
sh588770, 科创信息ETF摩根            
sz159255, 通用航空ETF易方达          
sh516560, 养老ETF                    
sh516130, 消费龙头ETF                
sh516530, 物流ETF银华                
sh588040,科创50ETF鹏华
sz159856, 互联网龙头ETF工银          
sz159295, 创业综指ETF西部利得        
sh530580,上证180ETF南方
sz159838,医药50ETF博时
sh589050, 科创综指ETF兴业            
sz159661,A100ETF嘉实
sh510270, 国企ETF                    
sz159672, 消费ETF博时                
sh510680,上证50ETF万家
sz159613, 信息安全ETF嘉实            
sh516660, 新能源车ETF华安            
sh563690, 红利低波ETF永赢            
sh563180, 高股息ETF                  
sh515770, MSCI中国A股ETF摩根         
sz159662, 交运ETF南方                
sz159891, 医疗ETF建信                
sz159542, 工程机械ETF大成            
sz159597, 创业板成长ETF易方达        
sh563930, 上证增强ETF招商            
sh515920, 智能消费ETF博时            
sh563510,A500红利低波ETF易方达
sh563870, 通用航空ETF鹏华            
sz159122, 创业板新能源ETF富国        
sz159117, 港股通红利低波ETF          
sz159725, 线上消费ETF工银            
sh510800,上证50ETF建信
sh561000,沪深300增强ETF华安
sz159966, 创业板价值ETF              
sh588160, 科创新材料ETF南方          
sh562520,中证1000成长ETF
sz159219,深证100ETF融通
sz159779,消费电子50ETF
sz159376,A500ETF浦银
sh560020, 红利ETF汇添富              
sh515200,创新100ETF申万菱信
sh510200, 上证券商ETF汇安            
sh530300,上证180ETF华泰柏瑞
sh516850, 新能源ETF华夏              
sz159293, 创业板综增强ETF建信        
sz159332, 央企红利ETF富国            
sh588690, 科创增强ETF银华            
sz159703, 新材料ETF                  
sh589950,科创100ETF富国
sh589990, 科创综指ETF华泰柏瑞        
sh560630, 机器人ETF万家              
sh589180, 科创新材料ETF汇添富        
sz159355,800红利低波ETF
sh560500,500质量成长ETF
sz159367,创业板50ETF华夏
sz159245, 港股通消费ETF              
sh511970, 国寿货币ETF                
sh589210, 科创芯片设计ETF广发        
sz159260, 证券ETF博时                
sh562070,沪深300指增ETF
sh516610, 医疗设备ETF大成            
sh515890, 红利ETF博时                
sh561590,中证1000增强ETF
sh510370,沪深300ETF兴业
sz159126,港股通50ETF南方
sh530050,上证50ETF东财
sz159512, 汽车ETF                    
sh512330, 信息科技ETF南方            
sh560750,A500ETF申万菱信
sz159686,A100ETF易方达
sh588520, 科创增强ETF                
sh560230, 光伏ETF富国                
sh561780,1000增强ETF博时
sh560260, 医疗ETF广发                
sh588320,双创50ETF增强
sh563050, 央企科技ETF易方达          
sz159918,中创400ETF嘉实
sz159296,A500红利低波ETF
sz159318, 恒指港股通ETF银华          
sz159253, 银行ETF博时                
sz159549, 红利低波ETF天弘            
sh512640, 金融地产ETF嘉实            
sh588210,科创100ETF易方达
sz159537, 信创ETF                    
sh511910, 融通货币ETF                
sh516320, 高端装备ETF华夏            
sh515860, 科技ETF嘉实                
sh562380, 央企科技ETF银华            
sh560130, 食品ETF鹏华                
sh515190,中证500ETF中银证券
sz159225, 现金流ETF基金              
sz159156, 电池ETF万家                
sz159539, 信创ETF广发                
sz159797, 医疗器械ETF汇添富          
sz159627,A100ETF华夏
sz159521,国证2000ETF指数基金
sh516980, 证券ETF先锋                
sz159369,创业板50ETF易方达
sz159523,沪深300成长ETF华夏
sh562870, 证券ETF嘉实                
sh510030, 价值ETF                    
sz159556,中证2000ETF增强
sh589150,科创50ETF平安
sh589060, 科创综指ETF东财            
sh561130, 国货ETF富国                
sz159640, 碳中和龙头ETF工银          
sh561930,沪深300ETF招商
sh530060, 上证指数ETF易方达          
sh560160, 医疗器械ETF                
sz159136,A50ETF广发
sh561790, 央企能源ETF博时            
sz159787, 建材ETF易方达              
sh562580, 可选消费ETF                
sh530380,上证380ETF易方达
sh517050, 互联网ETF华泰柏瑞          
sz159685,1000增强ETF天弘
sh563620, 全指现金流ETF兴业          
sz159848, 证券ETF国联安              
sh511650, 货币ETF华夏                
sh560550, 碳中和ETF广发              
sh560180,沪深300ESGETF南方
sh588550, 科创综指增强ETF易方达      
sh510810, 上海国企ETF汇添富          
sz159964, 创业板ETF平安              
sh517010,沪港深500ETF易方达
sh517660, 物联网ETF天弘              
sh511980, 现金添富ETF                
sz159679,中证1000增强ETF国泰
sz159721,深证100ETF永赢
sh516960, 机械ETF国泰                
sz159716,深证100ETF华宝
sz159877, 医疗ETF南方                
sh516590, 智能汽车ETF易方达          
sh510660, 医药ETF华夏                
sh588260, 科创信息ETF华安            
sz159298,创业板50ETF大成
sz159658, 数字经济ETF华安            
sh512240,A50ETF鹏华
sh515730, 家居家电ETF永赢            
sh560370, 红利质量ETF易方达          
sh520940, 港股通恒生ETF华安          
sh517990, 沪港深医药ETF招商          
sh588350,双创50ETF基金
sz159145, 工业软件ETF广发            
sh517330, 长江保护ETF易方达          
sh563600,A500增强ETF易方达
sh560590,中证1000增强ETF鹏华
sh512380, MSCI中国ETF银华            
sh588500,科创100增强ETF易方达
sh562010, 绿色能源ETF                
sz159670,消费50ETF国联安
sz159372,创业板50ETF万家
sz159777, 创科技ETF                  
sh561180,A100ETF
sh515990, 一带一路ETF汇添富          
sh561200,中证A100ETF工银
sh560620, 公用事业ETF万家            
sh516890, 新材料ETF指数基金          
sz159760, 医疗健康ETF泰康            
sh561320, 交运ETF                    
sz159931, 金融ETF                    
sz159543,国证2000ETF工银
sh563060,央企50ETF易方达
sh515550,中证500ETF国联
sh510710,上证50ETF博时
sz159106,民企300ETF前海开源
sz159645, 疫苗ETF富国                
sh510600,上证50ETF申万菱信
sz159936, 可选消费ETF                
sh589780,科创200ETF富国
sh588660,科创创业50ETF基金
sh563670, 金融科技ETF鹏华            
sz159912,深300ETF汇添富
sz159589, 红利ETF广发                
sh561960, 央企回报ETF招商            
sh560220,中证2000ETF广发
sz159824, 新能源车ETF博时            
sh562390, 中药ETF银华                
sh561500,漂亮50ETF
sh511930, 货币ETF国联                
sz159804,创中盘88ETF国寿
sh512250,A50ETF招商
sz159383,创业板50ETF华泰柏瑞
sh516830,300ESGETF
sz159940, 金融地产ETF                
sz159810, 创业板ETF浦银              
sh562810, 上证指数增强ETF嘉实        
sz159706,深证100ETF华安
sz159292, 创业板综增强ETF华宝        
sz159657, 疫苗ETF鹏华                
sz159216,深证100ETF大成
sz159970,深100ETF工银
sz159533,中证2000ETF博时
sh588720,科创50ETF中银
sz159370,创50ETF工银
sz159991, 创业板大盘ETF招商          
sh588070, 科创成长ETF万家            
sz159290, 创业板综指增强ETF东财      
sh530100,上证580ETF易方达
sz159311, 数字经济ETF易方达          
sz159571,创业板200ETF富国
sz159895, 物联网ETF易方达            
sh563630,A500增强ETF国联安
sh560190, 公用事业ETF                
sh512990, MSCIA股ETF华夏             
sh517300,沪港深300ETF国寿
sh511670, 华泰天天金ETF              
sz159211,深证100ETF富国
sh516460,现金流ETF800鹏华
sh589980,科创100ETF汇添富
sz159389, 数字经济ETF嘉实            
sz159729, 互联网ETF汇添富            
sh517080,沪港深500ETF汇添富
sh511830, 华泰货币ETF                
sz159808,创100ETF融通
sz159896, 物联网ETF南方              
sz159371,创业板50ETF富国
sz159723, 科技龙头ETF汇添富          
sh516600, 消费服务ETF工银            
sh588370,科创50增强ETF南方
sh511960, 货币ETF嘉实                
sz159743, 湖北ETF博时                
sz159538, 信创ETF富国                
sz159391, 大盘价值ETF博时            
sh530800,上证180ETF银华
sh530880, 红利国企ETF银河            
sh560330,沪深300价值ETF申万菱信
sh510770,G60创新ETF申万菱信
sh517200, 互联网ETF嘉实              
sh563590,A500红利低波动ETF国寿
sz159961,深100ETF方正富邦
sz159889, 智能汽车ETF                
sh588310, 双创ETF基金                
sz159535,中证2000ETF嘉实
sh515590,500等权ETF
sh563030,中证500增强ETF易方达
sh510570,中证500ETF兴业
sh516710, 新材料ETF华夏              
sh512650, 长三角ETF汇添富            
sh511920, 广发货币ETF                
sz159821, 创业板ETF中银证券          
sz159689, 消费ETF南方                
sz159288, 创业板综ETF银华            
sz159861,碳中和50ETF国泰
sh510550,方正中证500ETF
sz159701, 物联网ETF招商              
sh510290,上证380ETF南方
sz159935,中证500ETF景顺
sz159974, 央企创新ETF富国            
sz159575,创业板200ETF银华
sz159287, 创业板综ETF博时            
sz159720, 智能车ETF泰康              
sz159553,中证2000增强ETF海富通
sh516930, 生物科技ETF民生加银        
sz159956, 创业板ETF建信              
sh517350, 沪港深科技ETF广发          
sh511950, 添利货币ETF                
sh561880,A100ETF基金
sh588840,科创50ETF万家
sz159563, 创业板综ETF华夏            
sh530000,上证50ETF天弘
sh516380, 智能电动车ETF              
sh560300, 电信ETF汇添富              
sh588980,科创100ETF广发
sz159849, 生物科技ETF招商            
sh561920, 疫苗ETF招商                
sz159617,中证500价值ETF华夏
sh516580, 新能源ETF博时              
sh560060, 碳中和ETF汇添富            
sh510190,上证50ETF华安
sh520960, 恒指港股通ETF嘉实          
sh515910, 质量ETF中金                
sh517160, 长江保护ETF南方            
sh512030,中证A50增强ETF易方达
sz159959, 央企ETF银华                
sh510160, 产业升级ETF南方            
sh512370,A500增强ETF华夏
sh560690, 电信ETF鹏华                
sh512970, 大湾区ETF                  
sh512750,基本面50ETF嘉实
sz159240,中证A500增强ETF天弘
sh512190, 浙商之江凤凰ETF            
sh560990, 科技先锋ETF中金            
sz159510,沪深300价值ETF
sh561680,中证A500红利低波ETF
sz159975,深100ETF招商
sh516260, 物联网ETF华夏              
sh517100,沪港深500ETF富国
sz159778, 工业互联网ETF鹏华          
sh512130, 全指现金流ETF鹏华          
sh515360,方正沪深300ETF
sz159515, 国企红利ETF                
sz159885, 碳中和ETF鹏华              
sh510560,中证500ETF国寿
sh563280,A50增强ETF富国
sz159965,央视50ETF国联
sh561370,中证2000ETF国泰
sz159910,基本面120ETF嘉实
sh562530,中证1000价值ETF
sh512150,富时A50ETF汇安
sh512770, 战略新兴ETF                
sh560560, 碳中和ETF泰康              
sz159923,中证A100ETF大成
sz159872, 智能网联汽车ETF            
sz159203, 大盘成长ETF博时            
sh510590,中证500ETF平安
sh515160, MSCI中国ETF招商            
sh517030,沪港深300ETF易方达
sh530280,上证180ETF指数基金
sz159306, 汽车零件ETF                
sh512520, MSCIETF                    
sh589300, 科创综指ETF嘉实            
sh588670, 科创综指增强ETF嘉实        
sh563890, 国企红利ETF创金合信        
sh512060,中证A100ETF天弘
sh561510, 中药ETF华泰柏瑞            
sz159800,中证800ETF鹏华
sz159793, 线上消费ETF基金            
sh517850, 张江ETF汇添富              
sh561750,A50ETF博时
sz159291, 创业板综增强ETF招商        
sh517000,沪港深500ETF
sz159709, 物联网ETF工银              
sh560030,800价值ETF汇添富
sz159621, ESGETF国泰                 
sh561770,A100ETF博时
sh510060, 央企ETF工银                
sh510130, 上证中盘ETF易方达          
sz159238,300ETF增强
sh516330, 物联网ETF                  
sh562330,中证500价值ETF银华
sh515760, 浙江国资ETF华夏            
sh562300, 碳中和ETF银华              
sh512260,中证500低波动ETF华安
sh515090, 可持续发展ETF博时          
sh517360, 沪港深科技ETF华安          
sz159791,300ESGETF华夏
sh510040,上证180ETF鹏华
sz159717, ESGETF                     
sh512360, MSCI中国A股ETF基金         
sz159730, 家电ETF博时                
sz159578,深证主板50ETF南方
sz159630,A100ETF汇添富
sh510650, 金融地产ETF华夏            
sz159379,A500ETF融通
sz159620,中证500成长ETF华夏
sz159976, 湾创ETF工银                
sh589580, 科创综指ETF兴银            
sz159836,创业板300ETF天弘
sz159653,ESG300ETF
sh560520,红利低波100ETF大成
sz159933, 金融地产ETF国投瑞银        
sz159228, 红利低波ETF长城            
sh560950,中证500增强ETF汇添富
sh510020, 超大盘ETF博时              
sz159916, 基本面ETF建信              
sh589550, 科创价值ETF华夏            
sh560000, 智能电车ETF浦银            
sz159973, 民企ETF弘毅远方            
sh562560, 信息技术ETF                
sh517170,沪港深500ETF华夏
sh515660,沪深300ETF国联安
sh562340,中证500成长ETF银华
sz159642, 碳中和ETF大成              
sz159528, 国企改革ETF富国            
sh560820,中证A50ETF新华
sh512870, 杭州湾区ETF南华            
sh560650,核心50ETF民生加银
sh561900,沪深300ESGETF招商
sh516720, ESGETF浦银                 
sz159913, 深价值ETF交银              
sh510010,180治理ETF交银
sh510090, 责任ETF建信                
sh512180, MSCIA股ETF建信             
sh560890, 红利低波ETF新华            
sz159969,深100ETF银华